path,split,label
../data/processed/test/0000.jpg,processed,unknown
../data/processed/test/0001.jpg,processed,unknown
../data/processed/test/0002.jpg,processed,unknown
../data/processed/test/0003.jpg,processed,unknown
../data/processed/test/0004.jpg,processed,unknown
../data/processed/test/0005.jpg,processed,unknown
../data/processed/test/0006.jpg,processed,unknown
../data/processed/test/0007.jpg,processed,unknown
../data/processed/test/0008.jpg,processed,unknown
../data/processed/test/0009.jpg,processed,unknown
../data/processed/test/0010.jpg,processed,unknown
../data/processed/test/0011.jpg,processed,unknown
../data/processed/test/0012.jpg,processed,unknown
../data/processed/test/0013.jpg,processed,unknown
../data/processed/test/0014.jpg,processed,unknown
../data/processed/test/0015.jpg,processed,unknown
../data/processed/test/0016.jpg,processed,unknown
../data/processed/test/0017.jpg,processed,unknown
../data/processed/test/0018.jpg,processed,unknown
../data/processed/test/0019.jpg,processed,unknown
../data/processed/test/0020.jpg,processed,unknown
../data/processed/test/0021.jpg,processed,unknown
../data/processed/test/0022.jpg,processed,unknown
../data/processed/test/0023.jpg,processed,unknown
../data/processed/test/0024.jpg,processed,unknown
../data/processed/test/0025.jpg,processed,unknown
../data/processed/test/0026.jpg,processed,unknown
../data/processed/test/0027.jpg,processed,unknown
../data/processed/test/0028.jpg,processed,unknown
../data/processed/test/0029.jpg,processed,unknown
../data/processed/test/0030.jpg,processed,unknown
../data/processed/test/0031.jpg,processed,unknown
../data/processed/test/0032.jpg,processed,unknown
../data/processed/test/0033.jpg,processed,unknown
../data/processed/test/0034.jpg,processed,unknown
../data/processed/test/0035.jpg,processed,unknown
../data/processed/test/0036.jpg,processed,unknown
../data/processed/test/0037.jpg,processed,unknown
../data/processed/test/0038.jpg,processed,unknown
../data/processed/test/0039.jpg,processed,unknown
../data/processed/test/0040.jpg,processed,unknown
../data/processed/test/0041.jpg,processed,unknown
../data/processed/test/0042.jpg,processed,unknown
../data/processed/test/0043.jpg,processed,unknown
../data/processed/test/0044.jpg,processed,unknown
../data/processed/test/0045.jpg,processed,unknown
../data/processed/test/0046.jpg,processed,unknown
../data/processed/test/0047.jpg,processed,unknown
../data/processed/test/0048.jpg,processed,unknown
../data/processed/test/0049.jpg,processed,unknown
../data/processed/test/0050.jpg,processed,unknown
../data/processed/test/0051.jpg,processed,unknown
../data/processed/test/0052.jpg,processed,unknown
../data/processed/test/0053.jpg,processed,unknown
../data/processed/test/0054.jpg,processed,unknown
../data/processed/test/0055.jpg,processed,unknown
../data/processed/test/0056.jpg,processed,unknown
../data/processed/test/0057.jpg,processed,unknown
../data/processed/test/0058.jpg,processed,unknown
../data/processed/test/0059.jpg,processed,unknown
../data/processed/test/0060.jpg,processed,unknown
../data/processed/test/0061.jpg,processed,unknown
../data/processed/test/0062.jpg,processed,unknown
../data/processed/test/0063.jpg,processed,unknown
../data/processed/test/0064.jpg,processed,unknown
../data/processed/test/0065.jpg,processed,unknown
../data/processed/test/0066.jpg,processed,unknown
../data/processed/test/0067.jpg,processed,unknown
../data/processed/test/0068.jpg,processed,unknown
../data/processed/test/0069.jpg,processed,unknown
../data/processed/test/0070.jpg,processed,unknown
../data/processed/test/0071.jpg,processed,unknown
../data/processed/test/0072.jpg,processed,unknown
../data/processed/test/0073.jpg,processed,unknown
../data/processed/test/0074.jpg,processed,unknown
../data/processed/test/0075.jpg,processed,unknown
../data/processed/test/0076.jpg,processed,unknown
../data/processed/test/0077.jpg,processed,unknown
../data/processed/test/0078.jpg,processed,unknown
../data/processed/test/0079.jpg,processed,unknown
../data/processed/test/0080.jpg,processed,unknown
../data/processed/test/0081.jpg,processed,unknown
../data/processed/test/0082.jpg,processed,unknown
../data/processed/test/0083.jpg,processed,unknown
../data/processed/test/0084.jpg,processed,unknown
../data/processed/test/0085.jpg,processed,unknown
../data/processed/test/0086.jpg,processed,unknown
../data/processed/test/0087.jpg,processed,unknown
../data/processed/test/0088.jpg,processed,unknown
../data/processed/test/0089.jpg,processed,unknown
../data/processed/test/0090.jpg,processed,unknown
../data/processed/test/0091.jpg,processed,unknown
../data/processed/test/0092.jpg,processed,unknown
../data/processed/test/0093.jpg,processed,unknown
../data/processed/test/0094.jpg,processed,unknown
../data/processed/test/0095.jpg,processed,unknown
../data/processed/test/0096.jpg,processed,unknown
../data/processed/test/0097.jpg,processed,unknown
../data/processed/test/0098.jpg,processed,unknown
../data/processed/test/0099.jpg,processed,unknown
../data/processed/test/0100.jpg,processed,unknown
../data/processed/test/0101.jpg,processed,unknown
../data/processed/test/0102.jpg,processed,unknown
../data/processed/test/0103.jpg,processed,unknown
../data/processed/test/0104.jpg,processed,unknown
../data/processed/test/0105.jpg,processed,unknown
../data/processed/test/0106.jpg,processed,unknown
../data/processed/test/0107.jpg,processed,unknown
../data/processed/test/0108.jpg,processed,unknown
../data/processed/test/0109.jpg,processed,unknown
../data/processed/test/0110.jpg,processed,unknown
../data/processed/test/0111.jpg,processed,unknown
../data/processed/test/0112.jpg,processed,unknown
../data/processed/test/0113.jpg,processed,unknown
../data/processed/test/0114.jpg,processed,unknown
../data/processed/test/0115.jpg,processed,unknown
../data/processed/test/0116.jpg,processed,unknown
../data/processed/test/0117.jpg,processed,unknown
../data/processed/test/0118.jpg,processed,unknown
../data/processed/test/0119.jpg,processed,unknown
../data/processed/test/0120.jpg,processed,unknown
../data/processed/test/0121.jpg,processed,unknown
../data/processed/test/0122.jpg,processed,unknown
../data/processed/test/0123.jpg,processed,unknown
../data/processed/test/0124.jpg,processed,unknown
../data/processed/test/0125.jpg,processed,unknown
../data/processed/test/0126.jpg,processed,unknown
../data/processed/test/0127.jpg,processed,unknown
../data/processed/test/0128.jpg,processed,unknown
../data/processed/test/0129.jpg,processed,unknown
../data/processed/test/0130.jpg,processed,unknown
../data/processed/test/0131.jpg,processed,unknown
../data/processed/test/0132.jpg,processed,unknown
../data/processed/test/0133.jpg,processed,unknown
../data/processed/test/0134.jpg,processed,unknown
../data/processed/test/0135.jpg,processed,unknown
../data/processed/test/0136.jpg,processed,unknown
../data/processed/test/0137.jpg,processed,unknown
../data/processed/test/0138.jpg,processed,unknown
../data/processed/test/0139.jpg,processed,unknown
../data/processed/test/0140.jpg,processed,unknown
../data/processed/test/0141.jpg,processed,unknown
../data/processed/test/0142.jpg,processed,unknown
../data/processed/test/0143.jpg,processed,unknown
../data/processed/test/0144.jpg,processed,unknown
../data/processed/test/0145.jpg,processed,unknown
../data/processed/test/0146.jpg,processed,unknown
../data/processed/test/0147.jpg,processed,unknown
../data/processed/test/0148.jpg,processed,unknown
../data/processed/test/0149.jpg,processed,unknown
../data/processed/test/0150.jpg,processed,unknown
../data/processed/test/0151.jpg,processed,unknown
../data/processed/test/0152.jpg,processed,unknown
../data/processed/test/0153.jpg,processed,unknown
../data/processed/test/0154.jpg,processed,unknown
../data/processed/test/0155.jpg,processed,unknown
../data/processed/test/0156.jpg,processed,unknown
../data/processed/test/0157.jpg,processed,unknown
../data/processed/test/0158.jpg,processed,unknown
../data/processed/test/0159.jpg,processed,unknown
../data/processed/test/0160.jpg,processed,unknown
../data/processed/test/0161.jpg,processed,unknown
../data/processed/test/0162.jpg,processed,unknown
../data/processed/test/0163.jpg,processed,unknown
../data/processed/test/0164.jpg,processed,unknown
../data/processed/test/0165.jpg,processed,unknown
../data/processed/test/0166.jpg,processed,unknown
../data/processed/test/0167.jpg,processed,unknown
../data/processed/test/0168.jpg,processed,unknown
../data/processed/test/0169.jpg,processed,unknown
../data/processed/test/0170.jpg,processed,unknown
../data/processed/test/0171.jpg,processed,unknown
../data/processed/test/0172.jpg,processed,unknown
../data/processed/test/0173.jpg,processed,unknown
../data/processed/test/0174.jpg,processed,unknown
../data/processed/test/0175.jpg,processed,unknown
../data/processed/test/0176.jpg,processed,unknown
../data/processed/test/0177.jpg,processed,unknown
../data/processed/test/0178.jpg,processed,unknown
../data/processed/test/0179.jpg,processed,unknown
../data/processed/test/0180.jpg,processed,unknown
../data/processed/test/0181.jpg,processed,unknown
../data/processed/test/0182.jpg,processed,unknown
../data/processed/test/0183.jpg,processed,unknown
../data/processed/test/0184.jpg,processed,unknown
../data/processed/test/0185.jpg,processed,unknown
../data/processed/test/0186.jpg,processed,unknown
../data/processed/test/0187.jpg,processed,unknown
../data/processed/test/0188.jpg,processed,unknown
../data/processed/test/0189.jpg,processed,unknown
../data/processed/test/0190.jpg,processed,unknown
../data/processed/test/0191.jpg,processed,unknown
../data/processed/test/0192.jpg,processed,unknown
../data/processed/test/0193.jpg,processed,unknown
../data/processed/test/0194.jpg,processed,unknown
../data/processed/test/0195.jpg,processed,unknown
../data/processed/test/0196.jpg,processed,unknown
../data/processed/test/0197.jpg,processed,unknown
../data/processed/test/0198.jpg,processed,unknown
../data/processed/test/0199.jpg,processed,unknown
../data/processed/test/0200.jpg,processed,unknown
../data/processed/test/0201.jpg,processed,unknown
../data/processed/test/0202.jpg,processed,unknown
../data/processed/test/0203.jpg,processed,unknown
../data/processed/test/0204.jpg,processed,unknown
../data/processed/test/0205.jpg,processed,unknown
../data/processed/test/0206.jpg,processed,unknown
../data/processed/test/0207.jpg,processed,unknown
../data/processed/test/0208.jpg,processed,unknown
../data/processed/test/0209.jpg,processed,unknown
../data/processed/test/0210.jpg,processed,unknown
../data/processed/test/0211.jpg,processed,unknown
../data/processed/test/0212.jpg,processed,unknown
../data/processed/test/0213.jpg,processed,unknown
../data/processed/test/0214.jpg,processed,unknown
../data/processed/test/0215.jpg,processed,unknown
../data/processed/test/0216.jpg,processed,unknown
../data/processed/test/0217.jpg,processed,unknown
../data/processed/test/0218.jpg,processed,unknown
../data/processed/test/0219.jpg,processed,unknown
../data/processed/test/0220.jpg,processed,unknown
../data/processed/test/0221.jpg,processed,unknown
../data/processed/test/0222.jpg,processed,unknown
../data/processed/test/0223.jpg,processed,unknown
../data/processed/test/0224.jpg,processed,unknown
../data/processed/test/0225.jpg,processed,unknown
../data/processed/test/0226.jpg,processed,unknown
../data/processed/test/0227.jpg,processed,unknown
../data/processed/test/0228.jpg,processed,unknown
../data/processed/test/0229.jpg,processed,unknown
../data/processed/test/0230.jpg,processed,unknown
../data/processed/test/0231.jpg,processed,unknown
../data/processed/test/0232.jpg,processed,unknown
../data/processed/test/0233.jpg,processed,unknown
../data/processed/test/0234.jpg,processed,unknown
../data/processed/test/0235.jpg,processed,unknown
../data/processed/test/0236.jpg,processed,unknown
../data/processed/test/0237.jpg,processed,unknown
../data/processed/test/0238.jpg,processed,unknown
../data/processed/test/0239.jpg,processed,unknown
../data/processed/test/0240.jpg,processed,unknown
../data/processed/test/0241.jpg,processed,unknown
../data/processed/test/0242.jpg,processed,unknown
../data/processed/test/0243.jpg,processed,unknown
../data/processed/test/0244.jpg,processed,unknown
../data/processed/test/0245.jpg,processed,unknown
../data/processed/test/0246.jpg,processed,unknown
../data/processed/test/0247.jpg,processed,unknown
../data/processed/test/0248.jpg,processed,unknown
../data/processed/test/0249.jpg,processed,unknown
../data/processed/test/0250.jpg,processed,unknown
../data/processed/test/0251.jpg,processed,unknown
../data/processed/test/0252.jpg,processed,unknown
../data/processed/test/0253.jpg,processed,unknown
../data/processed/test/0254.jpg,processed,unknown
../data/processed/test/0255.jpg,processed,unknown
../data/processed/test/0256.jpg,processed,unknown
../data/processed/test/0257.jpg,processed,unknown
../data/processed/test/0258.jpg,processed,unknown
../data/processed/test/0259.jpg,processed,unknown
../data/processed/test/0260.jpg,processed,unknown
../data/processed/test/0261.jpg,processed,unknown
../data/processed/test/0262.jpg,processed,unknown
../data/processed/test/0263.jpg,processed,unknown
../data/processed/test/0264.jpg,processed,unknown
../data/processed/test/0265.jpg,processed,unknown
../data/processed/test/0266.jpg,processed,unknown
../data/processed/test/0267.jpg,processed,unknown
../data/processed/test/0268.jpg,processed,unknown
../data/processed/test/0269.jpg,processed,unknown
../data/processed/test/0270.jpg,processed,unknown
../data/processed/test/0271.jpg,processed,unknown
../data/processed/test/0272.jpg,processed,unknown
../data/processed/test/0273.jpg,processed,unknown
../data/processed/test/0274.jpg,processed,unknown
../data/processed/test/0275.jpg,processed,unknown
../data/processed/test/0276.jpg,processed,unknown
../data/processed/test/0277.jpg,processed,unknown
../data/processed/test/0278.jpg,processed,unknown
../data/processed/test/0279.jpg,processed,unknown
../data/processed/test/0280.jpg,processed,unknown
../data/processed/test/0281.jpg,processed,unknown
../data/processed/test/0282.jpg,processed,unknown
../data/processed/test/0283.jpg,processed,unknown
../data/processed/test/0284.jpg,processed,unknown
../data/processed/test/0285.jpg,processed,unknown
../data/processed/test/0286.jpg,processed,unknown
../data/processed/test/0287.jpg,processed,unknown
../data/processed/test/0288.jpg,processed,unknown
../data/processed/test/0289.jpg,processed,unknown
../data/processed/test/0290.jpg,processed,unknown
../data/processed/test/0291.jpg,processed,unknown
../data/processed/test/0292.jpg,processed,unknown
../data/processed/test/0293.jpg,processed,unknown
../data/processed/test/0294.jpg,processed,unknown
../data/processed/test/0295.jpg,processed,unknown
../data/processed/test/0296.jpg,processed,unknown
../data/processed/test/0297.jpg,processed,unknown
../data/processed/test/0298.jpg,processed,unknown
../data/processed/test/0299.jpg,processed,unknown
../data/processed/test/0300.jpg,processed,unknown
../data/processed/test/0301.jpg,processed,unknown
../data/processed/test/0302.jpg,processed,unknown
../data/processed/test/0303.jpg,processed,unknown
../data/processed/test/0304.jpg,processed,unknown
../data/processed/test/0305.jpg,processed,unknown
../data/processed/test/0306.jpg,processed,unknown
../data/processed/test/0307.jpg,processed,unknown
../data/processed/test/0308.jpg,processed,unknown
../data/processed/test/0309.jpg,processed,unknown
../data/processed/test/0310.jpg,processed,unknown
../data/processed/test/0311.jpg,processed,unknown
../data/processed/test/0312.jpg,processed,unknown
../data/processed/test/0313.jpg,processed,unknown
../data/processed/test/0314.jpg,processed,unknown
../data/processed/test/0315.jpg,processed,unknown
../data/processed/test/0316.jpg,processed,unknown
../data/processed/test/0317.jpg,processed,unknown
../data/processed/test/0318.jpg,processed,unknown
../data/processed/test/0319.jpg,processed,unknown
../data/processed/test/0320.jpg,processed,unknown
../data/processed/test/0321.jpg,processed,unknown
../data/processed/test/0322.jpg,processed,unknown
../data/processed/test/0323.jpg,processed,unknown
../data/processed/test/0324.jpg,processed,unknown
../data/processed/test/0325.jpg,processed,unknown
../data/processed/test/0326.jpg,processed,unknown
../data/processed/test/0327.jpg,processed,unknown
../data/processed/test/0328.jpg,processed,unknown
../data/processed/test/0329.jpg,processed,unknown
../data/processed/test/0330.jpg,processed,unknown
../data/processed/test/0331.jpg,processed,unknown
../data/processed/test/0332.jpg,processed,unknown
../data/processed/test/0333.jpg,processed,unknown
../data/processed/test/0334.jpg,processed,unknown
../data/processed/test/0335.jpg,processed,unknown
../data/processed/test/0336.jpg,processed,unknown
../data/processed/test/0337.jpg,processed,unknown
../data/processed/test/0338.jpg,processed,unknown
../data/processed/test/0339.jpg,processed,unknown
../data/processed/test/0340.jpg,processed,unknown
../data/processed/test/0341.jpg,processed,unknown
../data/processed/test/0342.jpg,processed,unknown
../data/processed/test/0343.jpg,processed,unknown
../data/processed/test/0344.jpg,processed,unknown
../data/processed/test/0345.jpg,processed,unknown
../data/processed/test/0346.jpg,processed,unknown
../data/processed/test/0347.jpg,processed,unknown
../data/processed/test/0348.jpg,processed,unknown
../data/processed/test/0349.jpg,processed,unknown
../data/processed/test/0350.jpg,processed,unknown
../data/processed/test/0351.jpg,processed,unknown
../data/processed/test/0352.jpg,processed,unknown
../data/processed/test/0353.jpg,processed,unknown
../data/processed/test/0354.jpg,processed,unknown
../data/processed/test/0355.jpg,processed,unknown
../data/processed/test/0356.jpg,processed,unknown
../data/processed/test/0357.jpg,processed,unknown
../data/processed/test/0358.jpg,processed,unknown
../data/processed/test/0359.jpg,processed,unknown
../data/processed/test/0360.jpg,processed,unknown
../data/processed/test/0361.jpg,processed,unknown
../data/processed/test/0362.jpg,processed,unknown
../data/processed/test/0363.jpg,processed,unknown
../data/processed/test/0364.jpg,processed,unknown
../data/processed/test/0365.jpg,processed,unknown
../data/processed/test/0366.jpg,processed,unknown
../data/processed/test/0367.jpg,processed,unknown
../data/processed/test/0368.jpg,processed,unknown
../data/processed/test/0369.jpg,processed,unknown
../data/processed/test/0370.jpg,processed,unknown
../data/processed/test/0371.jpg,processed,unknown
../data/processed/test/0372.jpg,processed,unknown
../data/processed/test/0373.jpg,processed,unknown
../data/processed/test/0374.jpg,processed,unknown
../data/processed/test/0375.jpg,processed,unknown
../data/processed/test/0376.jpg,processed,unknown
../data/processed/test/0377.jpg,processed,unknown
../data/processed/test/0378.jpg,processed,unknown
../data/processed/test/0379.jpg,processed,unknown
../data/processed/test/0380.jpg,processed,unknown
../data/processed/test/0381.jpg,processed,unknown
../data/processed/test/0382.jpg,processed,unknown
../data/processed/test/0383.jpg,processed,unknown
../data/processed/test/0384.jpg,processed,unknown
../data/processed/test/0385.jpg,processed,unknown
../data/processed/test/0386.jpg,processed,unknown
../data/processed/test/0387.jpg,processed,unknown
../data/processed/test/0388.jpg,processed,unknown
../data/processed/test/0389.jpg,processed,unknown
../data/processed/test/0390.jpg,processed,unknown
../data/processed/test/0391.jpg,processed,unknown
../data/processed/test/0392.jpg,processed,unknown
../data/processed/test/0393.jpg,processed,unknown
../data/processed/test/0394.jpg,processed,unknown
../data/processed/test/0395.jpg,processed,unknown
../data/processed/test/0396.jpg,processed,unknown
../data/processed/test/0397.jpg,processed,unknown
../data/processed/test/0398.jpg,processed,unknown
../data/processed/test/0399.jpg,processed,unknown
../data/processed/test/0400.jpg,processed,unknown
../data/processed/test/0401.jpg,processed,unknown
../data/processed/test/0402.jpg,processed,unknown
../data/processed/test/0403.jpg,processed,unknown
../data/processed/test/0404.jpg,processed,unknown
../data/processed/test/0405.jpg,processed,unknown
../data/processed/test/0406.jpg,processed,unknown
../data/processed/test/0407.jpg,processed,unknown
../data/processed/test/0408.jpg,processed,unknown
../data/processed/test/0409.jpg,processed,unknown
../data/processed/test/0410.jpg,processed,unknown
../data/processed/test/0411.jpg,processed,unknown
../data/processed/test/0412.jpg,processed,unknown
../data/processed/test/0413.jpg,processed,unknown
../data/processed/test/0414.jpg,processed,unknown
../data/processed/test/0415.jpg,processed,unknown
../data/processed/test/0416.jpg,processed,unknown
../data/processed/test/0417.jpg,processed,unknown
../data/processed/test/0418.jpg,processed,unknown
../data/processed/test/0419.jpg,processed,unknown
../data/processed/test/0420.jpg,processed,unknown
../data/processed/test/0421.jpg,processed,unknown
../data/processed/test/0422.jpg,processed,unknown
../data/processed/test/0423.jpg,processed,unknown
../data/processed/test/0424.jpg,processed,unknown
../data/processed/test/0425.jpg,processed,unknown
../data/processed/test/0426.jpg,processed,unknown
../data/processed/test/0427.jpg,processed,unknown
../data/processed/test/0428.jpg,processed,unknown
../data/processed/test/0429.jpg,processed,unknown
../data/processed/test/0430.jpg,processed,unknown
../data/processed/test/0431.jpg,processed,unknown
../data/processed/test/0432.jpg,processed,unknown
../data/processed/test/0433.jpg,processed,unknown
../data/processed/test/0434.jpg,processed,unknown
../data/processed/test/0435.jpg,processed,unknown
../data/processed/test/0436.jpg,processed,unknown
../data/processed/test/0437.jpg,processed,unknown
../data/processed/test/0438.jpg,processed,unknown
../data/processed/test/0439.jpg,processed,unknown
../data/processed/test/0440.jpg,processed,unknown
../data/processed/test/0441.jpg,processed,unknown
../data/processed/test/0442.jpg,processed,unknown
../data/processed/test/0443.jpg,processed,unknown
../data/processed/test/0444.jpg,processed,unknown
../data/processed/test/0445.jpg,processed,unknown
../data/processed/test/0446.jpg,processed,unknown
../data/processed/test/0447.jpg,processed,unknown
../data/processed/test/0448.jpg,processed,unknown
../data/processed/test/0449.jpg,processed,unknown
../data/processed/test/0450.jpg,processed,unknown
../data/processed/test/0451.jpg,processed,unknown
../data/processed/test/0452.jpg,processed,unknown
../data/processed/test/0453.jpg,processed,unknown
../data/processed/test/0454.jpg,processed,unknown
../data/processed/test/0455.jpg,processed,unknown
../data/processed/test/0456.jpg,processed,unknown
../data/processed/test/0457.jpg,processed,unknown
../data/processed/test/0458.jpg,processed,unknown
../data/processed/test/0459.jpg,processed,unknown
../data/processed/test/0460.jpg,processed,unknown
../data/processed/test/0461.jpg,processed,unknown
../data/processed/test/0462.jpg,processed,unknown
../data/processed/test/0463.jpg,processed,unknown
../data/processed/test/0464.jpg,processed,unknown
../data/processed/test/0465.jpg,processed,unknown
../data/processed/test/0466.jpg,processed,unknown
../data/processed/test/0467.jpg,processed,unknown
../data/processed/test/0468.jpg,processed,unknown
../data/processed/test/0469.jpg,processed,unknown
../data/processed/test/0470.jpg,processed,unknown
../data/processed/test/0471.jpg,processed,unknown
../data/processed/test/0472.jpg,processed,unknown
../data/processed/test/0473.jpg,processed,unknown
../data/processed/test/0474.jpg,processed,unknown
../data/processed/test/0475.jpg,processed,unknown
../data/processed/test/0476.jpg,processed,unknown
../data/processed/test/0477.jpg,processed,unknown
../data/processed/test/0478.jpg,processed,unknown
../data/processed/test/0479.jpg,processed,unknown
../data/processed/test/0480.jpg,processed,unknown
../data/processed/test/0481.jpg,processed,unknown
../data/processed/test/0482.jpg,processed,unknown
../data/processed/test/0483.jpg,processed,unknown
../data/processed/test/0484.jpg,processed,unknown
../data/processed/test/0485.jpg,processed,unknown
../data/processed/test/0486.jpg,processed,unknown
../data/processed/test/0487.jpg,processed,unknown
../data/processed/test/0488.jpg,processed,unknown
../data/processed/test/0489.jpg,processed,unknown
../data/processed/test/0490.jpg,processed,unknown
../data/processed/test/0491.jpg,processed,unknown
../data/processed/test/0492.jpg,processed,unknown
../data/processed/test/0493.jpg,processed,unknown
../data/processed/test/0494.jpg,processed,unknown
../data/processed/test/0495.jpg,processed,unknown
../data/processed/test/0496.jpg,processed,unknown
../data/processed/test/0497.jpg,processed,unknown
../data/processed/test/0498.jpg,processed,unknown
../data/processed/test/0499.jpg,processed,unknown
../data/processed/test/0500.jpg,processed,unknown
../data/processed/test/0501.jpg,processed,unknown
../data/processed/test/0502.jpg,processed,unknown
../data/processed/test/0503.jpg,processed,unknown
../data/processed/test/0504.jpg,processed,unknown
../data/processed/test/0505.jpg,processed,unknown
../data/processed/test/0506.jpg,processed,unknown
../data/processed/test/0507.jpg,processed,unknown
../data/processed/test/0508.jpg,processed,unknown
../data/processed/test/0509.jpg,processed,unknown
../data/processed/test/0510.jpg,processed,unknown
../data/processed/test/0511.jpg,processed,unknown
../data/processed/test/0512.jpg,processed,unknown
../data/processed/test/0513.jpg,processed,unknown
../data/processed/test/0514.jpg,processed,unknown
../data/processed/test/0515.jpg,processed,unknown
../data/processed/test/0516.jpg,processed,unknown
../data/processed/test/0517.jpg,processed,unknown
../data/processed/test/0518.jpg,processed,unknown
../data/processed/test/0519.jpg,processed,unknown
../data/processed/test/0520.jpg,processed,unknown
../data/processed/test/0521.jpg,processed,unknown
../data/processed/test/0522.jpg,processed,unknown
../data/processed/test/0523.jpg,processed,unknown
../data/processed/test/0524.jpg,processed,unknown
../data/processed/test/0525.jpg,processed,unknown
../data/processed/test/0526.jpg,processed,unknown
../data/processed/test/0527.jpg,processed,unknown
../data/processed/test/0528.jpg,processed,unknown
../data/processed/test/0529.jpg,processed,unknown
../data/processed/test/0530.jpg,processed,unknown
../data/processed/test/0531.jpg,processed,unknown
../data/processed/test/0532.jpg,processed,unknown
../data/processed/test/0533.jpg,processed,unknown
../data/processed/test/0534.jpg,processed,unknown
../data/processed/test/0535.jpg,processed,unknown
../data/processed/test/0536.jpg,processed,unknown
../data/processed/test/0537.jpg,processed,unknown
../data/processed/test/0538.jpg,processed,unknown
../data/processed/test/0539.jpg,processed,unknown
../data/processed/test/0540.jpg,processed,unknown
../data/processed/test/0541.jpg,processed,unknown
../data/processed/test/0542.jpg,processed,unknown
../data/processed/test/0543.jpg,processed,unknown
../data/processed/test/0544.jpg,processed,unknown
../data/processed/test/0545.jpg,processed,unknown
../data/processed/test/0546.jpg,processed,unknown
../data/processed/test/0547.jpg,processed,unknown
../data/processed/test/0548.jpg,processed,unknown
../data/processed/test/0549.jpg,processed,unknown
../data/processed/test/0550.jpg,processed,unknown
../data/processed/test/0551.jpg,processed,unknown
../data/processed/test/0552.jpg,processed,unknown
../data/processed/test/0553.jpg,processed,unknown
../data/processed/test/0554.jpg,processed,unknown
../data/processed/test/0555.jpg,processed,unknown
../data/processed/test/0556.jpg,processed,unknown
../data/processed/test/0557.jpg,processed,unknown
../data/processed/test/0558.jpg,processed,unknown
../data/processed/test/0559.jpg,processed,unknown
../data/processed/test/0560.jpg,processed,unknown
../data/processed/test/0561.jpg,processed,unknown
../data/processed/test/0562.jpg,processed,unknown
../data/processed/test/0563.jpg,processed,unknown
../data/processed/test/0564.jpg,processed,unknown
../data/processed/test/0565.jpg,processed,unknown
../data/processed/test/0566.jpg,processed,unknown
../data/processed/test/0567.jpg,processed,unknown
../data/processed/test/0568.jpg,processed,unknown
../data/processed/test/0569.jpg,processed,unknown
../data/processed/test/0570.jpg,processed,unknown
../data/processed/test/0571.jpg,processed,unknown
../data/processed/test/0572.jpg,processed,unknown
../data/processed/test/0573.jpg,processed,unknown
../data/processed/test/0574.jpg,processed,unknown
../data/processed/test/0575.jpg,processed,unknown
../data/processed/test/0576.jpg,processed,unknown
../data/processed/test/0577.jpg,processed,unknown
../data/processed/test/0578.jpg,processed,unknown
../data/processed/test/0579.jpg,processed,unknown
../data/processed/test/0580.jpg,processed,unknown
../data/processed/test/0581.jpg,processed,unknown
../data/processed/test/0582.jpg,processed,unknown
../data/processed/test/0583.jpg,processed,unknown
../data/processed/test/0584.jpg,processed,unknown
../data/processed/test/0585.jpg,processed,unknown
../data/processed/test/0586.jpg,processed,unknown
../data/processed/test/0587.jpg,processed,unknown
../data/processed/test/0588.jpg,processed,unknown
../data/processed/test/0589.jpg,processed,unknown
../data/processed/test/0590.jpg,processed,unknown
../data/processed/test/0591.jpg,processed,unknown
../data/processed/test/0592.jpg,processed,unknown
../data/processed/test/0593.jpg,processed,unknown
../data/processed/test/0594.jpg,processed,unknown
../data/processed/test/0595.jpg,processed,unknown
../data/processed/test/0596.jpg,processed,unknown
../data/processed/test/0597.jpg,processed,unknown
../data/processed/test/0598.jpg,processed,unknown
../data/processed/test/0599.jpg,processed,unknown
../data/processed/test/0600.jpg,processed,unknown
../data/processed/test/0601.jpg,processed,unknown
../data/processed/test/0602.jpg,processed,unknown
../data/processed/test/0603.jpg,processed,unknown
../data/processed/test/0604.jpg,processed,unknown
../data/processed/test/0605.jpg,processed,unknown
../data/processed/test/0606.jpg,processed,unknown
../data/processed/test/0607.jpg,processed,unknown
../data/processed/test/0608.jpg,processed,unknown
../data/processed/test/0609.jpg,processed,unknown
../data/processed/test/0610.jpg,processed,unknown
../data/processed/test/0611.jpg,processed,unknown
../data/processed/test/0612.jpg,processed,unknown
../data/processed/test/0613.jpg,processed,unknown
../data/processed/test/0614.jpg,processed,unknown
../data/processed/test/0615.jpg,processed,unknown
../data/processed/test/0616.jpg,processed,unknown
../data/processed/test/0617.jpg,processed,unknown
../data/processed/test/0618.jpg,processed,unknown
../data/processed/test/0619.jpg,processed,unknown
../data/processed/test/0620.jpg,processed,unknown
../data/processed/test/0621.jpg,processed,unknown
../data/processed/test/0622.jpg,processed,unknown
../data/processed/test/0623.jpg,processed,unknown
../data/processed/test/0624.jpg,processed,unknown
../data/processed/test/0625.jpg,processed,unknown
../data/processed/test/0626.jpg,processed,unknown
../data/processed/test/0627.jpg,processed,unknown
../data/processed/test/0628.jpg,processed,unknown
../data/processed/test/0629.jpg,processed,unknown
../data/processed/test/0630.jpg,processed,unknown
../data/processed/test/0631.jpg,processed,unknown
../data/processed/test/0632.jpg,processed,unknown
../data/processed/test/0633.jpg,processed,unknown
../data/processed/test/0634.jpg,processed,unknown
../data/processed/test/0635.jpg,processed,unknown
../data/processed/test/0636.jpg,processed,unknown
../data/processed/test/0637.jpg,processed,unknown
../data/processed/test/0638.jpg,processed,unknown
../data/processed/test/0639.jpg,processed,unknown
../data/processed/test/0640.jpg,processed,unknown
../data/processed/test/0641.jpg,processed,unknown
../data/processed/test/0642.jpg,processed,unknown
../data/processed/test/0643.jpg,processed,unknown
../data/processed/test/0644.jpg,processed,unknown
../data/processed/test/0645.jpg,processed,unknown
../data/processed/test/0646.jpg,processed,unknown
../data/processed/test/0647.jpg,processed,unknown
../data/processed/test/0648.jpg,processed,unknown
../data/processed/test/0649.jpg,processed,unknown
../data/processed/test/0650.jpg,processed,unknown
../data/processed/test/0651.jpg,processed,unknown
../data/processed/test/0652.jpg,processed,unknown
../data/processed/test/0653.jpg,processed,unknown
../data/processed/test/0654.jpg,processed,unknown
../data/processed/test/0655.jpg,processed,unknown
../data/processed/test/0656.jpg,processed,unknown
../data/processed/test/0657.jpg,processed,unknown
../data/processed/test/0658.jpg,processed,unknown
../data/processed/test/0659.jpg,processed,unknown
../data/processed/test/0660.jpg,processed,unknown
../data/processed/test/0661.jpg,processed,unknown
../data/processed/test/0662.jpg,processed,unknown
../data/processed/test/0663.jpg,processed,unknown
../data/processed/test/0664.jpg,processed,unknown
../data/processed/test/0665.jpg,processed,unknown
../data/processed/test/0666.jpg,processed,unknown
../data/processed/test/0667.jpg,processed,unknown
../data/processed/test/0668.jpg,processed,unknown
../data/processed/test/0669.jpg,processed,unknown
../data/processed/test/0670.jpg,processed,unknown
../data/processed/test/0671.jpg,processed,unknown
../data/processed/test/0672.jpg,processed,unknown
../data/processed/test/0673.jpg,processed,unknown
../data/processed/test/0674.jpg,processed,unknown
../data/processed/test/0675.jpg,processed,unknown
../data/processed/test/0676.jpg,processed,unknown
../data/processed/test/0677.jpg,processed,unknown
../data/processed/test/0678.jpg,processed,unknown
../data/processed/test/0679.jpg,processed,unknown
../data/processed/test/0680.jpg,processed,unknown
../data/processed/test/0681.jpg,processed,unknown
../data/processed/test/0682.jpg,processed,unknown
../data/processed/test/0683.jpg,processed,unknown
../data/processed/test/0684.jpg,processed,unknown
../data/processed/test/0685.jpg,processed,unknown
../data/processed/test/0686.jpg,processed,unknown
../data/processed/test/0687.jpg,processed,unknown
../data/processed/test/0688.jpg,processed,unknown
../data/processed/test/0689.jpg,processed,unknown
../data/processed/test/0690.jpg,processed,unknown
../data/processed/test/0691.jpg,processed,unknown
../data/processed/test/0692.jpg,processed,unknown
../data/processed/test/0693.jpg,processed,unknown
../data/processed/test/0694.jpg,processed,unknown
../data/processed/test/0695.jpg,processed,unknown
../data/processed/test/0696.jpg,processed,unknown
../data/processed/test/0697.jpg,processed,unknown
../data/processed/test/0698.jpg,processed,unknown
../data/processed/test/0699.jpg,processed,unknown
../data/processed/test/0700.jpg,processed,unknown
../data/processed/test/0701.jpg,processed,unknown
../data/processed/test/0702.jpg,processed,unknown
../data/processed/test/0703.jpg,processed,unknown
../data/processed/test/0704.jpg,processed,unknown
../data/processed/test/0705.jpg,processed,unknown
../data/processed/test/0706.jpg,processed,unknown
../data/processed/test/0707.jpg,processed,unknown
../data/processed/test/0708.jpg,processed,unknown
../data/processed/test/0709.jpg,processed,unknown
../data/processed/test/0710.jpg,processed,unknown
../data/processed/test/0711.jpg,processed,unknown
../data/processed/test/0712.jpg,processed,unknown
../data/processed/test/0713.jpg,processed,unknown
../data/processed/test/0714.jpg,processed,unknown
../data/processed/test/0715.jpg,processed,unknown
../data/processed/test/0716.jpg,processed,unknown
../data/processed/test/0717.jpg,processed,unknown
../data/processed/test/0718.jpg,processed,unknown
../data/processed/test/0719.jpg,processed,unknown
../data/processed/test/0720.jpg,processed,unknown
../data/processed/test/0721.jpg,processed,unknown
../data/processed/test/0722.jpg,processed,unknown
../data/processed/test/0723.jpg,processed,unknown
../data/processed/test/0724.jpg,processed,unknown
../data/processed/test/0725.jpg,processed,unknown
../data/processed/test/0726.jpg,processed,unknown
../data/processed/test/0727.jpg,processed,unknown
../data/processed/test/0728.jpg,processed,unknown
../data/processed/test/0729.jpg,processed,unknown
../data/processed/test/0730.jpg,processed,unknown
../data/processed/test/0731.jpg,processed,unknown
../data/processed/test/0732.jpg,processed,unknown
../data/processed/test/0733.jpg,processed,unknown
../data/processed/test/0734.jpg,processed,unknown
../data/processed/test/0735.jpg,processed,unknown
../data/processed/test/0736.jpg,processed,unknown
../data/processed/test/0737.jpg,processed,unknown
../data/processed/test/0738.jpg,processed,unknown
../data/processed/test/0739.jpg,processed,unknown
../data/processed/test/0740.jpg,processed,unknown
../data/processed/test/0741.jpg,processed,unknown
../data/processed/test/0742.jpg,processed,unknown
../data/processed/test/0743.jpg,processed,unknown
../data/processed/train/cleaned/0000.jpg,train,cleaned
../data/processed/train/cleaned/0001.jpg,train,cleaned
../data/processed/train/cleaned/0003.jpg,train,cleaned
../data/processed/train/cleaned/0005.jpg,train,cleaned
../data/processed/train/cleaned/0006.jpg,train,cleaned
../data/processed/train/cleaned/0007.jpg,train,cleaned
../data/processed/train/cleaned/0008.jpg,train,cleaned
../data/processed/train/cleaned/0009.jpg,train,cleaned
../data/processed/train/cleaned/0011.jpg,train,cleaned
../data/processed/train/cleaned/0012.jpg,train,cleaned
../data/processed/train/cleaned/0013.jpg,train,cleaned
../data/processed/train/cleaned/0014.jpg,train,cleaned
../data/processed/train/cleaned/0016.jpg,train,cleaned
../data/processed/train/cleaned/0017.jpg,train,cleaned
../data/processed/train/cleaned/0018.jpg,train,cleaned
../data/processed/train/cleaned/0019.jpg,train,cleaned
../data/processed/train/dirty/0000.jpg,train,dirty
../data/processed/train/dirty/0002.jpg,train,dirty
../data/processed/train/dirty/0003.jpg,train,dirty
../data/processed/train/dirty/0004.jpg,train,dirty
../data/processed/train/dirty/0005.jpg,train,dirty
../data/processed/train/dirty/0007.jpg,train,dirty
../data/processed/train/dirty/0008.jpg,train,dirty
../data/processed/train/dirty/0009.jpg,train,dirty
../data/processed/train/dirty/0010.jpg,train,dirty
../data/processed/train/dirty/0011.jpg,train,dirty
../data/processed/train/dirty/0013.jpg,train,dirty
../data/processed/train/dirty/0014.jpg,train,dirty
../data/processed/train/dirty/0015.jpg,train,dirty
../data/processed/train/dirty/0016.jpg,train,dirty
../data/processed/train/dirty/0017.jpg,train,dirty
../data/processed/train/dirty/0018.jpg,train,dirty
../data/processed/val/cleaned/0002.jpg,val,cleaned
../data/processed/val/cleaned/0004.jpg,val,cleaned
../data/processed/val/cleaned/0010.jpg,val,cleaned
../data/processed/val/cleaned/0015.jpg,val,cleaned
../data/processed/val/dirty/0001.jpg,val,dirty
../data/processed/val/dirty/0006.jpg,val,dirty
../data/processed/val/dirty/0012.jpg,val,dirty
../data/processed/val/dirty/0019.jpg,val,dirty
